target,Pred,fVal
ESSFdc1_101,ESSFdc1_101,1
ESSFdc1_101,ESSFdc1_102,0
ESSFdc1_101,ESSFdc1_103,0.05
ESSFdc1_101,ESSFdc1_104,0.25
ESSFdc1_101,ESSFdc1_110,0.15
ESSFdc1_101,ESSFdc1_111,0.1
ESSFdc1_101,ESSFdc1_112,0
ESSFdc1_101,Ro,1
ESSFdc1_102,ESSFdc1_101,0
ESSFdc1_102,ESSFdc1_102,1
ESSFdc1_102,ESSFdc1_103,0.1
ESSFdc1_102,ESSFdc1_104,0
ESSFdc1_102,ESSFdc1_110,0
ESSFdc1_102,ESSFdc1_111,0
ESSFdc1_102,ESSFdc1_112,0
ESSFdc1_102,Ro,0.1
ESSFdc1_103,ESSFdc1_101,0.05
ESSFdc1_103,ESSFdc1_102,0.1
ESSFdc1_103,ESSFdc1_103,1
ESSFdc1_103,ESSFdc1_104,0.15
ESSFdc1_103,ESSFdc1_110,0
ESSFdc1_103,ESSFdc1_111,0
ESSFdc1_103,ESSFdc1_112,0
ESSFdc1_103,Ro,0
ESSFdc1_104,ESSFdc1_101,0.25
ESSFdc1_104,ESSFdc1_102,0
ESSFdc1_104,ESSFdc1_103,0.15
ESSFdc1_104,ESSFdc1_104,1
ESSFdc1_104,ESSFdc1_110,0
ESSFdc1_104,ESSFdc1_111,0
ESSFdc1_104,ESSFdc1_112,0
ESSFdc1_104,Ro,0
ESSFdc1_110,ESSFdc1_101,0.15
ESSFdc1_110,ESSFdc1_102,0
ESSFdc1_110,ESSFdc1_103,0
ESSFdc1_110,ESSFdc1_104,0
ESSFdc1_110,ESSFdc1_110,1
ESSFdc1_110,ESSFdc1_111,0.25
ESSFdc1_110,ESSFdc1_112,0.1
ESSFdc1_110,Ro,0
ESSFdc1_111,ESSFdc1_101,0.1
ESSFdc1_111,ESSFdc1_102,0
ESSFdc1_111,ESSFdc1_103,0
ESSFdc1_111,ESSFdc1_104,0
ESSFdc1_111,ESSFdc1_110,0.25
ESSFdc1_111,ESSFdc1_111,1
ESSFdc1_111,ESSFdc1_112,0.3
ESSFdc1_111,Ro,0
ESSFdc1_112,ESSFdc1_101,0
ESSFdc1_112,ESSFdc1_102,0
ESSFdc1_112,ESSFdc1_103,0
ESSFdc1_112,ESSFdc1_104,0
ESSFdc1_112,ESSFdc1_110,0.1
ESSFdc1_112,ESSFdc1_111,0.3
ESSFdc1_112,ESSFdc1_112,1
ESSFdc1_112,Ro,0
ESSFdc2_101,ESSFdc2_101,1
ESSFdc2_101,ESSFdc2_102,0
ESSFdc2_101,ESSFdc2_103,0
ESSFdc2_101,ESSFdc2_104,0.1
ESSFdc2_101,ESSFdc2_110,0.15
ESSFdc2_101,ESSFdc2_111,0.1
ESSFdc2_101,ESSFdc2_112,0
ESSFdc2_101,ESSFdc2_Ro,0
ESSFdc2_102,ESSFdc2_101,0
ESSFdc2_102,ESSFdc2_102,1
ESSFdc2_102,ESSFdc2_103,0.1
ESSFdc2_102,ESSFdc2_104,0.1
ESSFdc2_102,ESSFdc2_110,0
ESSFdc2_102,ESSFdc2_111,0
ESSFdc2_102,ESSFdc2_112,0
ESSFdc2_102,ESSFdc2_Ro,0.15
ESSFdc2_103,ESSFdc2_101,0
ESSFdc2_103,ESSFdc2_102,0.1
ESSFdc2_103,ESSFdc2_103,1
ESSFdc2_103,ESSFdc2_104,0.2
ESSFdc2_103,ESSFdc2_110,0
ESSFdc2_103,ESSFdc2_111,0
ESSFdc2_103,ESSFdc2_112,0
ESSFdc2_103,ESSFdc2_Ro,0
ESSFdc2_104,ESSFdc2_101,0.1
ESSFdc2_104,ESSFdc2_102,0.1
ESSFdc2_104,ESSFdc2_103,0.2
ESSFdc2_104,ESSFdc2_104,1
ESSFdc2_104,ESSFdc2_110,0.1
ESSFdc2_104,ESSFdc2_111,0
ESSFdc2_104,ESSFdc2_112,0
ESSFdc2_104,ESSFdc2_Ro,0
ESSFdc2_110,ESSFdc2_101,0.15
ESSFdc2_110,ESSFdc2_102,0
ESSFdc2_110,ESSFdc2_103,0
ESSFdc2_110,ESSFdc2_104,0.1
ESSFdc2_110,ESSFdc2_110,1
ESSFdc2_110,ESSFdc2_111,0.05
ESSFdc2_110,ESSFdc2_112,0
ESSFdc2_110,ESSFdc2_Ro,0
ESSFdc2_111,ESSFdc2_101,0.1
ESSFdc2_111,ESSFdc2_102,0
ESSFdc2_111,ESSFdc2_103,0
ESSFdc2_111,ESSFdc2_104,0
ESSFdc2_111,ESSFdc2_110,0.05
ESSFdc2_111,ESSFdc2_111,1
ESSFdc2_111,ESSFdc2_112,0.3
ESSFdc2_111,ESSFdc2_Ro,0
ESSFdc2_112,ESSFdc2_101,0
ESSFdc2_112,ESSFdc2_102,0
ESSFdc2_112,ESSFdc2_103,0
ESSFdc2_112,ESSFdc2_104,0
ESSFdc2_112,ESSFdc2_110,0
ESSFdc2_112,ESSFdc2_111,0.3
ESSFdc2_112,ESSFdc2_112,1
ESSFdc2_112,ESSFdc2_Ro,0
ESSFdc2_Ro,ESSFdc2_101,0
ESSFdc2_Ro,ESSFdc2_102,0.15
ESSFdc2_Ro,ESSFdc2_103,0
ESSFdc2_Ro,ESSFdc2_104,0
ESSFdc2_Ro,ESSFdc2_110,0
ESSFdc2_Ro,ESSFdc2_111,0
ESSFdc2_Ro,ESSFdc2_112,0
ESSFdc2_Ro,ESSFdc2_Ro,1
ESSFmc_01,ESSFmc_01,1
ESSFmc_01,ESSFmc_02,0
ESSFmc_01,ESSFmc_03,0
ESSFmc_01,ESSFmc_04,0.15
ESSFmc_01,ESSFmc_05,0.05
ESSFmc_01,ESSFmc_06,0.1
ESSFmc_01,ESSFmc_07,0
ESSFmc_01,ESSFmc_08,0
ESSFmc_01,ESSFmc_09,0.05
ESSFmc_01,ESSFmc_10,0
ESSFmc_02,ESSFmc_01,0
ESSFmc_02,ESSFmc_02,1
ESSFmc_02,ESSFmc_03,0.15
ESSFmc_02,ESSFmc_04,0
ESSFmc_02,ESSFmc_05,0
ESSFmc_02,ESSFmc_06,0
ESSFmc_02,ESSFmc_07,0
ESSFmc_02,ESSFmc_08,0
ESSFmc_02,ESSFmc_09,0
ESSFmc_02,ESSFmc_10,0
ESSFmc_03,ESSFmc_01,0
ESSFmc_03,ESSFmc_02,0.15
ESSFmc_03,ESSFmc_03,1
ESSFmc_03,ESSFmc_04,0.15
ESSFmc_03,ESSFmc_05,0
ESSFmc_03,ESSFmc_06,0
ESSFmc_03,ESSFmc_07,0
ESSFmc_03,ESSFmc_08,0
ESSFmc_03,ESSFmc_09,0
ESSFmc_03,ESSFmc_10,0
ESSFmc_04,ESSFmc_01,0.15
ESSFmc_04,ESSFmc_02,0
ESSFmc_04,ESSFmc_03,0.15
ESSFmc_04,ESSFmc_04,1
ESSFmc_04,ESSFmc_05,0
ESSFmc_04,ESSFmc_06,0
ESSFmc_04,ESSFmc_07,0
ESSFmc_04,ESSFmc_08,0
ESSFmc_04,ESSFmc_09,0
ESSFmc_04,ESSFmc_10,0
ESSFmc_05,ESSFmc_01,0.05
ESSFmc_05,ESSFmc_02,0
ESSFmc_05,ESSFmc_03,0
ESSFmc_05,ESSFmc_04,0
ESSFmc_05,ESSFmc_05,1
ESSFmc_05,ESSFmc_06,0.1
ESSFmc_05,ESSFmc_07,0.1
ESSFmc_05,ESSFmc_08,0
ESSFmc_05,ESSFmc_09,0
ESSFmc_05,ESSFmc_10,0
ESSFmc_06,ESSFmc_01,0.1
ESSFmc_06,ESSFmc_02,0
ESSFmc_06,ESSFmc_03,0
ESSFmc_06,ESSFmc_04,0
ESSFmc_06,ESSFmc_05,0
ESSFmc_06,ESSFmc_06,1
ESSFmc_06,ESSFmc_07,0.15
ESSFmc_06,ESSFmc_08,0.15
ESSFmc_06,ESSFmc_09,0
ESSFmc_06,ESSFmc_10,0
ESSFmc_07,ESSFmc_01,0
ESSFmc_07,ESSFmc_02,0
ESSFmc_07,ESSFmc_03,0
ESSFmc_07,ESSFmc_04,0
ESSFmc_07,ESSFmc_05,0.1
ESSFmc_07,ESSFmc_06,0.15
ESSFmc_07,ESSFmc_07,1
ESSFmc_07,ESSFmc_08,0.2
ESSFmc_07,ESSFmc_09,0
ESSFmc_07,ESSFmc_10,0.15
ESSFmc_08,ESSFmc_01,0
ESSFmc_08,ESSFmc_02,0
ESSFmc_08,ESSFmc_03,0
ESSFmc_08,ESSFmc_04,0
ESSFmc_08,ESSFmc_05,0
ESSFmc_08,ESSFmc_06,0.15
ESSFmc_08,ESSFmc_07,0.2
ESSFmc_08,ESSFmc_08,1
ESSFmc_08,ESSFmc_09,0.1
ESSFmc_08,ESSFmc_10,0.15
ESSFmc_09,ESSFmc_01,0.05
ESSFmc_09,ESSFmc_02,0
ESSFmc_09,ESSFmc_03,0
ESSFmc_09,ESSFmc_04,0
ESSFmc_09,ESSFmc_05,0
ESSFmc_09,ESSFmc_06,0
ESSFmc_09,ESSFmc_07,0
ESSFmc_09,ESSFmc_08,0.1
ESSFmc_09,ESSFmc_09,1
ESSFmc_09,ESSFmc_10,0
ESSFmc_10,ESSFmc_01,0
ESSFmc_10,ESSFmc_02,0
ESSFmc_10,ESSFmc_03,0
ESSFmc_10,ESSFmc_04,0
ESSFmc_10,ESSFmc_05,0
ESSFmc_10,ESSFmc_06,0
ESSFmc_10,ESSFmc_07,0.15
ESSFmc_10,ESSFmc_08,0.15
ESSFmc_10,ESSFmc_09,0
ESSFmc_10,ESSFmc_10,1
ESSFmcw_101,ESSFmcw_101,1
ESSFmcw_101,ESSFmcw_102,0.1
ESSFmcw_101,ESSFmcw_103,0.2
ESSFmcw_101,ESSFmcw_110,0.2
ESSFmcw_101,ESSFmcw_111,0
ESSFmcw_102,ESSFmcw_101,0.1
ESSFmcw_102,ESSFmcw_101,0.1
ESSFmcw_102,ESSFmcw_102,1
ESSFmcw_102,ESSFmcw_103,0.15
ESSFmcw_102,ESSFmcw_110,0
ESSFmcw_102,ESSFmcw_111,0
ESSFmcw_103,ESSFmcw_101,0.2
ESSFmcw_103,ESSFmcw_102,0
ESSFmcw_103,ESSFmcw_103,1
ESSFmcw_103,ESSFmcw_110,0.05
ESSFmcw_103,ESSFmcw_111,0
ESSFmcw_110,ESSFmcw_101,0.2
ESSFmcw_110,ESSFmcw_102,0
ESSFmcw_110,ESSFmcw_103,0.2
ESSFmcw_110,ESSFmcw_110,1
ESSFmcw_110,ESSFmcw_111,0.2
ESSFmcw_111,ESSFmcw_101,0
ESSFmcw_111,ESSFmcw_102,0
ESSFmcw_111,ESSFmcw_103,0
ESSFmcw_111,ESSFmcw_110,0.2
ESSFmcw_111,ESSFmcw_111,1
ESSFmh_101,ESSFmh_101,1
ESSFmh_101,ESSFmh_102,0
ESSFmh_101,ESSFmh_103,0
ESSFmh_101,ESSFmh_104,0
ESSFmh_101,ESSFmh_105,0.1
ESSFmh_101,ESSFmh_110,0.15
ESSFmh_101,ESSFmh_111,0.05
ESSFmh_101,ESSFmh_112,0
ESSFmh_101,ESSFmh/Ro,0
ESSFmh_102,ESSFmh_101,0
ESSFmh_102,ESSFmh_102,1
ESSFmh_102,ESSFmh_103,0.1
ESSFmh_102,ESSFmh_104,0.05
ESSFmh_102,ESSFmh_105,0
ESSFmh_102,ESSFmh_110,0
ESSFmh_102,ESSFmh_111,0
ESSFmh_102,ESSFmh_112,0
ESSFmh_102,ESSFmh/Ro,0.15
ESSFmh_103,ESSFmh_101,0
ESSFmh_103,ESSFmh_102,0.1
ESSFmh_103,ESSFmh_103,1
ESSFmh_103,ESSFmh_104,0.05
ESSFmh_103,ESSFmh_105,0.1
ESSFmh_103,ESSFmh_110,0
ESSFmh_103,ESSFmh_111,0
ESSFmh_103,ESSFmh_112,0
ESSFmh_103,ESSFmh/Ro,0
ESSFmh_104,ESSFmh_101,0
ESSFmh_104,ESSFmh_102,0.05
ESSFmh_104,ESSFmh_103,0.05
ESSFmh_104,ESSFmh_104,1
ESSFmh_104,ESSFmh_105,0.1
ESSFmh_104,ESSFmh_110,0
ESSFmh_104,ESSFmh_111,0
ESSFmh_104,ESSFmh_112,0
ESSFmh_104,ESSFmh/Ro,0
ESSFmh_105,ESSFmh_101,0.1
ESSFmh_105,ESSFmh_102,0
ESSFmh_105,ESSFmh_103,0.1
ESSFmh_105,ESSFmh_104,0.1
ESSFmh_105,ESSFmh_105,1
ESSFmh_105,ESSFmh_110,0
ESSFmh_105,ESSFmh_111,0
ESSFmh_105,ESSFmh_112,0
ESSFmh_105,ESSFmh/Ro,0
ESSFmh_110,ESSFmh_101,0.15
ESSFmh_110,ESSFmh_102,0
ESSFmh_110,ESSFmh_103,0
ESSFmh_110,ESSFmh_104,0
ESSFmh_110,ESSFmh_105,0
ESSFmh_110,ESSFmh_110,1
ESSFmh_110,ESSFmh_111,0.3
ESSFmh_110,ESSFmh_112,0
ESSFmh_110,ESSFmh/Ro,0
ESSFmh_111,ESSFmh_101,0.05
ESSFmh_111,ESSFmh_102,0
ESSFmh_111,ESSFmh_103,0
ESSFmh_111,ESSFmh_104,0
ESSFmh_111,ESSFmh_105,0
ESSFmh_111,ESSFmh_110,0.3
ESSFmh_111,ESSFmh_111,1
ESSFmh_111,ESSFmh_112,0.3
ESSFmh_111,ESSFmh/Ro,0
ESSFmh_112,ESSFmh_101,0
ESSFmh_112,ESSFmh_102,0
ESSFmh_112,ESSFmh_103,0
ESSFmh_112,ESSFmh_104,0
ESSFmh_112,ESSFmh_105,0
ESSFmh_112,ESSFmh_110,0
ESSFmh_112,ESSFmh_111,0.3
ESSFmh_112,ESSFmh_112,1
ESSFmh_112,ESSFmh/Ro,0
FM,ICHmw5_101,0.05
FM,ICHmw5_102,0
FM,ICHmw5_103,0
FM,ICHmw5_104,0
FM,ICHmw5_110,0.1
FM,ICHmw5_111,0.05
FM,ICHmw5_112,0.05
FM,FM,1
FM,Ro,0
FM,ICHmw5_113,0.05
ICHdw1_101,ICHdw1_101,1
ICHdw1_101,ICHdw1_102,0
ICHdw1_101,ICHdw1_103,0.1
ICHdw1_101,ICHdw1_104,0.25
ICHdw1_101,ICHdw1_110,0.1
ICHdw1_101,ICHdw1_111,0.05
ICHdw1_101,ICHdw1_112,0
ICHdw1_101,ICHdw1_113,0
ICHdw1_101,Ro,0
ICHdw1_102,ICHdw1_101,0
ICHdw1_102,ICHdw1_102,1
ICHdw1_102,ICHdw1_103,0.1
ICHdw1_102,ICHdw1_104,0.1
ICHdw1_102,ICHdw1_110,0
ICHdw1_102,ICHdw1_111,0
ICHdw1_102,ICHdw1_112,0
ICHdw1_102,ICHdw1_113,0
ICHdw1_102,Ro,0.1
ICHdw1_103,ICHdw1_101,0.1
ICHdw1_103,ICHdw1_102,0.1
ICHdw1_103,ICHdw1_103,1
ICHdw1_103,ICHdw1_104,0.25
ICHdw1_103,ICHdw1_110,0
ICHdw1_103,ICHdw1_111,0
ICHdw1_103,ICHdw1_112,0
ICHdw1_103,ICHdw1_113,0
ICHdw1_103,Ro,0
ICHdw1_104,ICHdw1_101,0.25
ICHdw1_104,ICHdw1_102,0.1
ICHdw1_104,ICHdw1_103,0.25
ICHdw1_104,ICHdw1_104,1
ICHdw1_104,ICHdw1_110,0
ICHdw1_104,ICHdw1_111,0
ICHdw1_104,ICHdw1_112,0
ICHdw1_104,ICHdw1_113,0
ICHdw1_104,Ro,0
ICHdw1_110,ICHdw1_101,0.1
ICHdw1_110,ICHdw1_102,0
ICHdw1_110,ICHdw1_103,0
ICHdw1_110,ICHdw1_104,0
ICHdw1_110,ICHdw1_110,1
ICHdw1_110,ICHdw1_111,0.15
ICHdw1_110,ICHdw1_112,0.1
ICHdw1_110,ICHdw1_113,0.05
ICHdw1_110,Ro,0
ICHdw1_111,ICHdw1_101,0.05
ICHdw1_111,ICHdw1_102,0
ICHdw1_111,ICHdw1_103,0
ICHdw1_111,ICHdw1_104,0
ICHdw1_111,ICHdw1_110,0.15
ICHdw1_111,ICHdw1_111,1
ICHdw1_111,ICHdw1_112,0.2
ICHdw1_111,ICHdw1_113,0.2
ICHdw1_111,Ro,0
ICHdw1_112,ICHdw1_101,0
ICHdw1_112,ICHdw1_102,0
ICHdw1_112,ICHdw1_103,0
ICHdw1_112,ICHdw1_104,0
ICHdw1_112,ICHdw1_110,0.1
ICHdw1_112,ICHdw1_111,0.2
ICHdw1_112,ICHdw1_112,1
ICHdw1_112,ICHdw1_113,0.2
ICHdw1_112,Ro,0
ICHdw1_113,ICHdw1_101,0
ICHdw1_113,ICHdw1_102,0
ICHdw1_113,ICHdw1_103,0
ICHdw1_113,ICHdw1_104,0
ICHdw1_113,ICHdw1_110,0.05
ICHdw1_113,ICHdw1_111,0.2
ICHdw1_113,ICHdw1_112,0.2
ICHdw1_113,ICHdw1_113,1
ICHdw1_113,Ro,0
ICHmk1_101,ICHmk1_101,1
ICHmk1_101,ICHmk1_102,0
ICHmk1_101,ICHmk1_103,0
ICHmk1_101,ICHmk1_104,0.05
ICHmk1_101,ICHmk1_105,0.1
ICHmk1_101,ICHmk1_110,0.1
ICHmk1_101,ICHmk1_111,0.1
ICHmk1_101,ICHmk1_112,0
ICHmk1_101,Ro,0
ICHmk1_102,ICHmk1_101,0
ICHmk1_102,ICHmk1_102,1
ICHmk1_102,ICHmk1_103,0.15
ICHmk1_102,ICHmk1_104,0.05
ICHmk1_102,ICHmk1_105,0.1
ICHmk1_102,ICHmk1_110,0
ICHmk1_102,ICHmk1_111,0
ICHmk1_102,ICHmk1_112,0
ICHmk1_102,Ro,0.1
ICHmk1_103,ICHmk1_101,0
ICHmk1_103,ICHmk1_102,0.15
ICHmk1_103,ICHmk1_103,1
ICHmk1_103,ICHmk1_104,0.05
ICHmk1_103,ICHmk1_105,0.1
ICHmk1_103,ICHmk1_110,0
ICHmk1_103,ICHmk1_111,0
ICHmk1_103,ICHmk1_112,0
ICHmk1_103,Ro,0
ICHmk1_104,ICHmk1_101,0.05
ICHmk1_104,ICHmk1_102,0.05
ICHmk1_104,ICHmk1_103,0.05
ICHmk1_104,ICHmk1_104,1
ICHmk1_104,ICHmk1_105,0.1
ICHmk1_104,ICHmk1_110,0
ICHmk1_104,ICHmk1_111,0
ICHmk1_104,ICHmk1_112,0
ICHmk1_104,Ro,0
ICHmk1_105,ICHmk1_101,0.1
ICHmk1_105,ICHmk1_102,0.1
ICHmk1_105,ICHmk1_103,0.1
ICHmk1_105,ICHmk1_104,0.1
ICHmk1_105,ICHmk1_105,1
ICHmk1_105,ICHmk1_110,0
ICHmk1_105,ICHmk1_111,0
ICHmk1_105,ICHmk1_112,0
ICHmk1_105,Ro,0
ICHmk1_110,ICHmk1_101,0.1
ICHmk1_110,ICHmk1_102,0
ICHmk1_110,ICHmk1_103,0
ICHmk1_110,ICHmk1_104,0
ICHmk1_110,ICHmk1_105,0
ICHmk1_110,ICHmk1_110,1
ICHmk1_110,ICHmk1_111,0.2
ICHmk1_110,ICHmk1_112,0.1
ICHmk1_110,Ro,0
ICHmk1_111,ICHmk1_101,0.1
ICHmk1_111,ICHmk1_102,0
ICHmk1_111,ICHmk1_103,0
ICHmk1_111,ICHmk1_104,0
ICHmk1_111,ICHmk1_105,0
ICHmk1_111,ICHmk1_110,0.2
ICHmk1_111,ICHmk1_111,1
ICHmk1_111,ICHmk1_112,0.2
ICHmk1_111,Ro,0
ICHmk1_112,ICHmk1_101,0
ICHmk1_112,ICHmk1_102,0
ICHmk1_112,ICHmk1_103,0
ICHmk1_112,ICHmk1_104,0
ICHmk1_112,ICHmk1_105,0
ICHmk1_112,ICHmk1_110,0.1
ICHmk1_112,ICHmk1_111,0.2
ICHmk1_112,ICHmk1_112,1
ICHmk1_112,Ro,0
ICHmw5_101,ICHmw5_101,1
ICHmw5_101,ICHmw5_102,0
ICHmw5_101,ICHmw5_103,0
ICHmw5_101,ICHmw5_104,0.1
ICHmw5_101,ICHmw5_110,0.15
ICHmw5_101,ICHmw5_111,0.05
ICHmw5_101,ICHmw5_112,0.05
ICHmw5_101,FM,0.05
ICHmw5_101,Ro,0
ICHmw5_101,ICHmw5_113,0
ICHmw5_102,ICHmw5_101,0
ICHmw5_102,ICHmw5_102,1
ICHmw5_102,ICHmw5_103,0.15
ICHmw5_102,ICHmw5_104,0.05
ICHmw5_102,ICHmw5_110,0
ICHmw5_102,ICHmw5_111,0
ICHmw5_102,ICHmw5_112,0
ICHmw5_102,FM,0
ICHmw5_102,Ro,0.1
ICHmw5_102,ICHmw5_113,0
ICHmw5_103,ICHmw5_101,0
ICHmw5_103,ICHmw5_102,0.15
ICHmw5_103,ICHmw5_103,1
ICHmw5_103,ICHmw5_104,0.2
ICHmw5_103,ICHmw5_110,0
ICHmw5_103,ICHmw5_111,0
ICHmw5_103,ICHmw5_112,0
ICHmw5_103,FM,0
ICHmw5_103,Ro,0
ICHmw5_103,ICHmw5_113,0
ICHmw5_104,ICHmw5_101,0.1
ICHmw5_104,ICHmw5_102,0.05
ICHmw5_104,ICHmw5_103,0.2
ICHmw5_104,ICHmw5_104,1
ICHmw5_104,ICHmw5_110,0
ICHmw5_104,ICHmw5_111,0
ICHmw5_104,ICHmw5_112,0
ICHmw5_104,FM,0
ICHmw5_104,Ro,0
ICHmw5_104,ICHmw5_113,0
ICHmw5_110,ICHmw5_101,0.15
ICHmw5_110,ICHmw5_102,0
ICHmw5_110,ICHmw5_103,0
ICHmw5_110,ICHmw5_104,0
ICHmw5_110,ICHmw5_110,1
ICHmw5_110,ICHmw5_111,0.2
ICHmw5_110,ICHmw5_112,0.2
ICHmw5_110,FM,0.1
ICHmw5_110,Ro,0
ICHmw5_110,ICHmw5_113,0.05
ICHmw5_111,ICHmw5_101,0.05
ICHmw5_111,ICHmw5_102,0
ICHmw5_111,ICHmw5_103,0
ICHmw5_111,ICHmw5_104,0
ICHmw5_111,ICHmw5_110,0.2
ICHmw5_111,ICHmw5_111,1
ICHmw5_111,ICHmw5_112,1
ICHmw5_111,FM,0.05
ICHmw5_111,Ro,0
ICHmw5_111,ICHmw5_113,0.15
ICHmw5_112,ICHmw5_101,0.05
ICHmw5_112,ICHmw5_102,0
ICHmw5_112,ICHmw5_103,0
ICHmw5_112,ICHmw5_104,0
ICHmw5_112,ICHmw5_110,0.2
ICHmw5_112,ICHmw5_111,1
ICHmw5_112,ICHmw5_112,1
ICHmw5_112,FM,0.05
ICHmw5_112,Ro,0
ICHmw5_112,ICHmw5_113,0.15
ICHmw5_113,ICHmw5_101,0
ICHmw5_113,ICHmw5_102,0
ICHmw5_113,ICHmw5_103,0
ICHmw5_113,ICHmw5_104,0
ICHmw5_113,ICHmw5_110,0.05
ICHmw5_113,ICHmw5_111,0.15
ICHmw5_113,ICHmw5_112,0.15
ICHmw5_113,FM,0.05
ICHmw5_113,Ro,0
ICHmw5_113,ICHmw5_113,1
ICHxw_101,ICHxw_101,1
ICHxw_101,ICHxw_102,0
ICHxw_101,ICHxw_103,0
ICHxw_101,ICHxw_104,0.1
ICHxw_101,ICHxw_110,0.15
ICHxw_101,ICHxw_111,0.1
ICHxw_101,ICHxw_112,0
ICHxw_101,ICHxw_113,0
ICHxw_101,Ro,0
ICHxw_102,ICHxw_101,0
ICHxw_102,ICHxw_102,1
ICHxw_102,ICHxw_103,0.05
ICHxw_102,ICHxw_104,0
ICHxw_102,ICHxw_110,0
ICHxw_102,ICHxw_111,0
ICHxw_102,ICHxw_112,0
ICHxw_102,ICHxw_113,0
ICHxw_102,Ro,0.1
ICHxw_103,ICHxw_101,0
ICHxw_103,ICHxw_102,0.05
ICHxw_103,ICHxw_103,1
ICHxw_103,ICHxw_104,0.15
ICHxw_103,ICHxw_110,0
ICHxw_103,ICHxw_111,0
ICHxw_103,ICHxw_112,0
ICHxw_103,ICHxw_113,0
ICHxw_103,Ro,0
ICHxw_104,ICHxw_101,0.1
ICHxw_104,ICHxw_102,0
ICHxw_104,ICHxw_103,0.15
ICHxw_104,ICHxw_104,1
ICHxw_104,ICHxw_110,0
ICHxw_104,ICHxw_111,0
ICHxw_104,ICHxw_112,0
ICHxw_104,ICHxw_113,0
ICHxw_104,Ro,0
ICHxw_110,ICHxw_101,0.15
ICHxw_110,ICHxw_102,0
ICHxw_110,ICHxw_103,0
ICHxw_110,ICHxw_104,0
ICHxw_110,ICHxw_110,1
ICHxw_110,ICHxw_111,0.25
ICHxw_110,ICHxw_112,0.1
ICHxw_110,ICHxw_113,0.05
ICHxw_110,Ro,0
ICHxw_111,ICHxw_101,0.1
ICHxw_111,ICHxw_102,0
ICHxw_111,ICHxw_103,0
ICHxw_111,ICHxw_104,0
ICHxw_111,ICHxw_110,0.25
ICHxw_111,ICHxw_111,1
ICHxw_111,ICHxw_112,0.2
ICHxw_111,ICHxw_113,0.1
ICHxw_111,Ro,0
ICHxw_112,ICHxw_101,0
ICHxw_112,ICHxw_102,0
ICHxw_112,ICHxw_103,0
ICHxw_112,ICHxw_104,0
ICHxw_112,ICHxw_110,0.1
ICHxw_112,ICHxw_111,0.2
ICHxw_112,ICHxw_112,1
ICHxw_112,ICHxw_113,0.2
ICHxw_112,Ro,0
ICHxw_113,ICHxw_101,0
ICHxw_113,ICHxw_102,0
ICHxw_113,ICHxw_103,0
ICHxw_113,ICHxw_104,0
ICHxw_113,ICHxw_110,0.05
ICHxw_113,ICHxw_111,0.1
ICHxw_113,ICHxw_112,0.2
ICHxw_113,ICHxw_113,1
ICHxw_113,Ro,0
IDFdh_101,IDFdh_101,1
IDFdh_101,IDFdh_102,0
IDFdh_101,IDFdh_103,0
IDFdh_101,IDFdh_104,0.1
IDFdh_101,IDFdh_110,0.1
IDFdh_101,IDFdh_111,0.1
IDFdh_101,IDFdh_Fm,0
IDFdh_101,IDFdh_Ro,0
IDFdh_102,IDFdh_101,0
IDFdh_102,IDFdh_102,1
IDFdh_102,IDFdh_103,0.1
IDFdh_102,IDFdh_104,0
IDFdh_102,IDFdh_110,0
IDFdh_102,IDFdh_111,0
IDFdh_102,IDFdh_Fm,0
IDFdh_102,IDFdh_Ro,0.1
IDFdh_103,IDFdh_101,0
IDFdh_103,IDFdh_102,0.1
IDFdh_103,IDFdh_103,1
IDFdh_103,IDFdh_104,0.15
IDFdh_103,IDFdh_110,0
IDFdh_103,IDFdh_111,0
IDFdh_103,IDFdh_Fm,0
IDFdh_103,IDFdh_Ro,0
IDFdh_104,IDFdh_101,0.1
IDFdh_104,IDFdh_102,0
IDFdh_104,IDFdh_103,0.15
IDFdh_104,IDFdh_104,1
IDFdh_104,IDFdh_110,0
IDFdh_104,IDFdh_111,0
IDFdh_104,IDFdh_Fm,0
IDFdh_104,IDFdh_Ro,0
IDFdh_110,IDFdh_101,0.1
IDFdh_110,IDFdh_102,0
IDFdh_110,IDFdh_103,0
IDFdh_110,IDFdh_104,0
IDFdh_110,IDFdh_110,1
IDFdh_110,IDFdh_111,0.2
IDFdh_110,IDFdh_Fm,0.05
IDFdh_110,IDFdh_Ro,0
IDFdh_111,IDFdh_101,0.1
IDFdh_111,IDFdh_102,0
IDFdh_111,IDFdh_103,0
IDFdh_111,IDFdh_104,0
IDFdh_111,IDFdh_110,0.2
IDFdh_111,IDFdh_111,1
IDFdh_111,IDFdh_Fm,0.1
IDFdh_111,IDFdh_Ro,0
IDFdh_Fm,IDFdh_101,0
IDFdh_Fm,IDFdh_102,0
IDFdh_Fm,IDFdh_103,0
IDFdh_Fm,IDFdh_104,0
IDFdh_Fm,IDFdh_110,0.05
IDFdh_Fm,IDFdh_111,0.1
IDFdh_Fm,IDFdh_Fm,1
IDFdh_Fm,IDFdh_Ro,0
IDFdh_Ro,IDFdh_101,0
IDFdh_Ro,IDFdh_102,0.1
IDFdh_Ro,IDFdh_103,0
IDFdh_Ro,IDFdh_104,0
IDFdh_Ro,IDFdh_110,0
IDFdh_Ro,IDFdh_111,0
IDFdh_Ro,IDFdh_Fm,0
IDFdh_Ro,IDFdh_Ro,1
IDFdk3_01,IDFdk3_01,1
IDFdk3_01,IDFdk3_02,0
IDFdk3_01,IDFdk3_03,0
IDFdk3_01,IDFdk3_04,0
IDFdk3_01,IDFdk3_05,0.1
IDFdk3_01,IDFdk3_06,0.1
IDFdk3_01,IDFdk3_07,0.1
IDFdk3_01,IDFdk3_08,0.05
IDFdk3_01,IDFdk3_09,0
IDFdk3_01,IDFdk3_Ro,0
IDFdk3_02,IDFdk3_01,0
IDFdk3_02,IDFdk3_02,1
IDFdk3_02,IDFdk3_03,0.05
IDFdk3_02,IDFdk3_04,0
IDFdk3_02,IDFdk3_05,0.1
IDFdk3_02,IDFdk3_06,0
IDFdk3_02,IDFdk3_07,0
IDFdk3_02,IDFdk3_08,0
IDFdk3_02,IDFdk3_09,0
IDFdk3_02,IDFdk3_Ro,0.1
IDFdk3_03,IDFdk3_01,0
IDFdk3_03,IDFdk3_02,0.05
IDFdk3_03,IDFdk3_03,1
IDFdk3_03,IDFdk3_04,0.1
IDFdk3_03,IDFdk3_05,0.05
IDFdk3_03,IDFdk3_06,0
IDFdk3_03,IDFdk3_07,0
IDFdk3_03,IDFdk3_08,0
IDFdk3_03,IDFdk3_09,0
IDFdk3_03,IDFdk3_Ro,0
IDFdk3_04,IDFdk3_01,0
IDFdk3_04,IDFdk3_02,0
IDFdk3_04,IDFdk3_03,0.1
IDFdk3_04,IDFdk3_04,1
IDFdk3_04,IDFdk3_05,0.15
IDFdk3_04,IDFdk3_06,0.1
IDFdk3_04,IDFdk3_07,0.1
IDFdk3_04,IDFdk3_08,0
IDFdk3_04,IDFdk3_09,0
IDFdk3_04,IDFdk3_Ro,0
IDFdk3_05,IDFdk3_01,0.1
IDFdk3_05,IDFdk3_02,0.1
IDFdk3_05,IDFdk3_03,0.05
IDFdk3_05,IDFdk3_04,0.15
IDFdk3_05,IDFdk3_05,1
IDFdk3_05,IDFdk3_06,0.15
IDFdk3_05,IDFdk3_07,0
IDFdk3_05,IDFdk3_08,0
IDFdk3_05,IDFdk3_09,0
IDFdk3_05,IDFdk3_Ro,0
IDFdk3_06,IDFdk3_01,0.1
IDFdk3_06,IDFdk3_02,0
IDFdk3_06,IDFdk3_03,0
IDFdk3_06,IDFdk3_04,0.1
IDFdk3_06,IDFdk3_05,0.15
IDFdk3_06,IDFdk3_06,1
IDFdk3_06,IDFdk3_07,0
IDFdk3_06,IDFdk3_08,0
IDFdk3_06,IDFdk3_09,0
IDFdk3_06,IDFdk3_Ro,0
IDFdk3_07,IDFdk3_01,0.1
IDFdk3_07,IDFdk3_02,0
IDFdk3_07,IDFdk3_03,0
IDFdk3_07,IDFdk3_04,0.1
IDFdk3_07,IDFdk3_05,0
IDFdk3_07,IDFdk3_06,0
IDFdk3_07,IDFdk3_07,1
IDFdk3_07,IDFdk3_08,0.1
IDFdk3_07,IDFdk3_09,0.1
IDFdk3_07,IDFdk3_Ro,0
IDFdk3_08,IDFdk3_01,0.05
IDFdk3_08,IDFdk3_02,0
IDFdk3_08,IDFdk3_03,0
IDFdk3_08,IDFdk3_04,0
IDFdk3_08,IDFdk3_05,0
IDFdk3_08,IDFdk3_06,0
IDFdk3_08,IDFdk3_07,0.1
IDFdk3_08,IDFdk3_08,1
IDFdk3_08,IDFdk3_09,0.1
IDFdk3_08,IDFdk3_Ro,0
IDFdk3_09,IDFdk3_01,0
IDFdk3_09,IDFdk3_02,0
IDFdk3_09,IDFdk3_03,0
IDFdk3_09,IDFdk3_04,0
IDFdk3_09,IDFdk3_05,0
IDFdk3_09,IDFdk3_06,0
IDFdk3_09,IDFdk3_07,0.1
IDFdk3_09,IDFdk3_08,0.1
IDFdk3_09,IDFdk3_09,1
IDFdk3_09,IDFdk3_Ro,0
IDFdk3_Ro,IDFdk3_01,0
IDFdk3_Ro,IDFdk3_02,0.1
IDFdk3_Ro,IDFdk3_03,0
IDFdk3_Ro,IDFdk3_04,0
IDFdk3_Ro,IDFdk3_05,0
IDFdk3_Ro,IDFdk3_06,0
IDFdk3_Ro,IDFdk3_07,0.1
IDFdk3_Ro,IDFdk3_08,0
IDFdk3_Ro,IDFdk3_09,0
IDFdk3_Ro,IDFdk3_Ro,1
IDFdm1/Fm01,IDFdm1_101,0
IDFdm1/Fm01,IDFdm1_102,0
IDFdm1/Fm01,IDFdm1_103,0
IDFdm1/Fm01,IDFdm1_104,0
IDFdm1/Fm01,IDFdm1_110,0.05
IDFdm1/Fm01,IDFdm1_110.1,0.05
IDFdm1/Fm01,IDFdm1_110.2,0.05
IDFdm1/Fm01,IDFdm1_111,0.15
IDFdm1/Fm01,IDFdm1_112,0.1
IDFdm1/Fm01,IDFdm1/Fm01,1
IDFdm1/Fm01,IDFdm1/Fm05,1
IDFdm1/Fm01,IDFdm1/Ro,0
IDFdm1/Fm05,IDFdm1_101,0
IDFdm1/Fm05,IDFdm1_102,0
IDFdm1/Fm05,IDFdm1_103,0
IDFdm1/Fm05,IDFdm1_104,0
IDFdm1/Fm05,IDFdm1_110,0.05
IDFdm1/Fm05,IDFdm1_110.1,0.05
IDFdm1/Fm05,IDFdm1_110.2,0.05
IDFdm1/Fm05,IDFdm1_111,0.15
IDFdm1/Fm05,IDFdm1_112,0.1
IDFdm1/Fm05,IDFdm1/Fm01,1
IDFdm1/Fm05,IDFdm1/Fm05,1
IDFdm1/Fm05,IDFdm1/Ro,0
IDFdm1/Ro,IDFdm1_101,0
IDFdm1/Ro,IDFdm1_102,0.1
IDFdm1/Ro,IDFdm1_103,0
IDFdm1/Ro,IDFdm1_104,0
IDFdm1/Ro,IDFdm1_110,0
IDFdm1/Ro,IDFdm1_110.1,0
IDFdm1/Ro,IDFdm1_110.2,0
IDFdm1/Ro,IDFdm1_111,0
IDFdm1/Ro,IDFdm1_112,0
IDFdm1/Ro,IDFdm1/Fm01,0
IDFdm1/Ro,IDFdm1/Fm05,0
IDFdm1/Ro,IDFdm1/Ro,1
IDFdm1_101,IDFdm1_101,1
IDFdm1_101,IDFdm1_102,0
IDFdm1_101,IDFdm1_103,0.05
IDFdm1_101,IDFdm1_104,0.25
IDFdm1_101,IDFdm1_110,0.1
IDFdm1_101,IDFdm1_110.1,0.1
IDFdm1_101,IDFdm1_110.2,0.1
IDFdm1_101,IDFdm1_111,0.1
IDFdm1_101,IDFdm1_112,0
IDFdm1_101,IDFdm1/Fm01,0
IDFdm1_101,IDFdm1/Fm05,0
IDFdm1_101,IDFdm1/Ro,0
IDFdm1_102,IDFdm1_101,0
IDFdm1_102,IDFdm1_102,1
IDFdm1_102,IDFdm1_103,0.05
IDFdm1_102,IDFdm1_104,0
IDFdm1_102,IDFdm1_110,0
IDFdm1_102,IDFdm1_110.1,0
IDFdm1_102,IDFdm1_110.2,0
IDFdm1_102,IDFdm1_111,0
IDFdm1_102,IDFdm1_112,0
IDFdm1_102,IDFdm1/Fm01,0
IDFdm1_102,IDFdm1/Fm05,0
IDFdm1_102,IDFdm1/Ro,0.1
IDFdm1_103,IDFdm1_101,0.05
IDFdm1_103,IDFdm1_102,0.05
IDFdm1_103,IDFdm1_103,1
IDFdm1_103,IDFdm1_104,0.2
IDFdm1_103,IDFdm1_110,0
IDFdm1_103,IDFdm1_110.1,0
IDFdm1_103,IDFdm1_110.2,0
IDFdm1_103,IDFdm1_111,0
IDFdm1_103,IDFdm1_112,0
IDFdm1_103,IDFdm1/Fm01,0
IDFdm1_103,IDFdm1/Fm05,0
IDFdm1_103,IDFdm1/Ro,0
IDFdm1_104,IDFdm1_101,0.25
IDFdm1_104,IDFdm1_102,0
IDFdm1_104,IDFdm1_103,0.2
IDFdm1_104,IDFdm1_104,1
IDFdm1_104,IDFdm1_110,0.25
IDFdm1_104,IDFdm1_110.1,0.25
IDFdm1_104,IDFdm1_110.2,0.25
IDFdm1_104,IDFdm1_111,0
IDFdm1_104,IDFdm1_112,0
IDFdm1_104,IDFdm1/Fm01,0
IDFdm1_104,IDFdm1/Fm05,0
IDFdm1_104,IDFdm1/Ro,0
IDFdm1_110,IDFdm1_101,0.1
IDFdm1_110,IDFdm1_102,0
IDFdm1_110,IDFdm1_103,0
IDFdm1_110,IDFdm1_104,0.25
IDFdm1_110,IDFdm1_110,1
IDFdm1_110,IDFdm1_110.1,1
IDFdm1_110,IDFdm1_110.2,1
IDFdm1_110,IDFdm1_111,0.2
IDFdm1_110,IDFdm1_112,0.1
IDFdm1_110,IDFdm1/Fm01,0.05
IDFdm1_110,IDFdm1/Fm05,0.05
IDFdm1_110,IDFdm1/Ro,0
IDFdm1_110.1,IDFdm1_101,0.1
IDFdm1_110.1,IDFdm1_102,0
IDFdm1_110.1,IDFdm1_103,0
IDFdm1_110.1,IDFdm1_104,0.25
IDFdm1_110.1,IDFdm1_110,1
IDFdm1_110.1,IDFdm1_110.1,1
IDFdm1_110.1,IDFdm1_110.2,1
IDFdm1_110.1,IDFdm1_111,0.2
IDFdm1_110.1,IDFdm1_112,0.2
IDFdm1_110.1,IDFdm1/Fm01,0.05
IDFdm1_110.1,IDFdm1/Fm05,0.05
IDFdm1_110.1,IDFdm1/Ro,0
IDFdm1_110.2,IDFdm1_101,0.1
IDFdm1_110.2,IDFdm1_102,0
IDFdm1_110.2,IDFdm1_103,0
IDFdm1_110.2,IDFdm1_104,0.25
IDFdm1_110.2,IDFdm1_110,1
IDFdm1_110.2,IDFdm1_110.1,1
IDFdm1_110.2,IDFdm1_110.2,1
IDFdm1_110.2,IDFdm1_111,0.2
IDFdm1_110.2,IDFdm1_112,0.2
IDFdm1_110.2,IDFdm1/Fm01,0.05
IDFdm1_110.2,IDFdm1/Fm05,0.05
IDFdm1_110.2,IDFdm1/Ro,0
IDFdm1_111,IDFdm1_101,0.1
IDFdm1_111,IDFdm1_102,0
IDFdm1_111,IDFdm1_103,0
IDFdm1_111,IDFdm1_104,0
IDFdm1_111,IDFdm1_110,0.2
IDFdm1_111,IDFdm1_110.1,0.2
IDFdm1_111,IDFdm1_110.2,0.2
IDFdm1_111,IDFdm1_111,1
IDFdm1_111,IDFdm1_112,0.3
IDFdm1_111,IDFdm1/Fm01,0.15
IDFdm1_111,IDFdm1/Fm05,0.15
IDFdm1_111,IDFdm1/Ro,0
IDFdm1_112,IDFdm1_101,0
IDFdm1_112,IDFdm1_102,0
IDFdm1_112,IDFdm1_103,0
IDFdm1_112,IDFdm1_104,0
IDFdm1_112,IDFdm1_110,0.1
IDFdm1_112,IDFdm1_110.1,0.2
IDFdm1_112,IDFdm1_110.2,0.2
IDFdm1_112,IDFdm1_111,0.3
IDFdm1_112,IDFdm1_112,1
IDFdm1_112,IDFdm1/Fm01,0.1
IDFdm1_112,IDFdm1/Fm05,0.1
IDFdm1_112,IDFdm1/Ro,0
IDFxw_01,IDFxw_01,1
IDFxw_01,IDFxw_02,0
IDFxw_01,IDFxw_03,0.15
IDFxw_01,IDFxw_04,0.3
IDFxw_01,IDFxw_05,0.3
IDFxw_01,IDFxw_06,0.1
IDFxw_01,IDFxw_07,0
IDFxw_01,IDFxw_Ro,0
IDFxw_02,IDFxw_01,0
IDFxw_02,IDFxw_02,1
IDFxw_03,IDFxw_03,0.05
IDFxw_03,IDFxw_01,0.15
IDFxw_03,IDFxw_02,0.05
IDFxw_04,IDFxw_04,0.15
IDFxw_04,IDFxw_03,1
IDFxw_04,IDFxw_01,0.3
IDFxw_04,IDFxw_02,0.15
IDFxw_04,IDFxw_03,0.3
IDFxw_04,IDFxw_04,1
IDFxw_04,IDFxw_05,0.3
IDFxw_04,IDFxw_06,0
IDFxw_04,IDFxw_07,0
IDFxw_04,IDFxw_Ro,0
IDFxw_05,IDFxw_05,0
IDFxw_05,IDFxw_04,0.3
IDFxw_05,IDFxw_01,0.3
IDFxw_05,IDFxw_02,0
IDFxw_05,IDFxw_03,0.15
IDFxw_05,IDFxw_04,0.3
IDFxw_05,IDFxw_05,1
IDFxw_05,IDFxw_06,0
IDFxw_05,IDFxw_07,0
IDFxw_05,IDFxw_Ro,0
IDFxw_06,IDFxw_06,0
IDFxw_06,IDFxw_05,0.15
IDFxw_06,IDFxw_01,0.1
IDFxw_06,IDFxw_02,0
IDFxw_06,IDFxw_03,0
IDFxw_06,IDFxw_04,0
IDFxw_06,IDFxw_05,0
IDFxw_06,IDFxw_06,1
IDFxw_06,IDFxw_07,0.15
IDFxw_06,IDFxw_Ro,0
IDFxw_07,IDFxw_07,0
IDFxw_07,IDFxw_06,0
IDFxw_07,IDFxw_01,0
IDFxw_07,IDFxw_02,0
IDFxw_07,IDFxw_03,0
IDFxw_07,IDFxw_04,0
IDFxw_07,IDFxw_05,0
IDFxw_07,IDFxw_06,0.15
IDFxw_07,IDFxw_07,1
IDFxw_08,IDFxw_Ro,0.05
IDFxw_08,IDFxw_07,0
IDFxw_09,IDFxw_Ro,0
IDFxw_Ro,IDFxw_Ro,0
IDFxw_Ro,IDFxw_01,0
IDFxw_Ro,IDFxw_02,0.05
IDFxw_Ro,IDFxw_03,0
IDFxw_Ro,IDFxw_04,0
IDFxw_Ro,IDFxw_05,0
IDFxw_Ro,IDFxw_06,0
IDFxw_Ro,IDFxw_07,0
IDFxw_Ro,IDFxw_Ro,1
MSdm1/Ro,MSdm1_101,0
MSdm1/Ro,MSdm1_102,0.1
MSdm1/Ro,MSdm1_103,0
MSdm1/Ro,MSdm1_104,0
MSdm1/Ro,MSdm1_110,0
MSdm1/Ro,MSdm1_111,0
MSdm1/Ro,MSdm1_112,0
MSdm1/Ro,MSdm1_113,0
MSdm1/Ro,MSdm1/Ro,1
MSdm1_101,MSdm1_101,1
MSdm1_101,MSdm1_102,0
MSdm1_101,MSdm1_103,0.1
MSdm1_101,MSdm1_104,0.1
MSdm1_101,MSdm1_110,0.05
MSdm1_101,MSdm1_111,0.05
MSdm1_101,MSdm1_112,0
MSdm1_101,MSdm1_113,0
MSdm1_101,MSdm1/Ro,0
MSdm1_102,MSdm1_101,0
MSdm1_102,MSdm1_102,1
MSdm1_102,MSdm1_103,0.15
MSdm1_102,MSdm1_104,0.05
MSdm1_102,MSdm1_110,0
MSdm1_102,MSdm1_111,0
MSdm1_102,MSdm1_112,0
MSdm1_102,MSdm1_113,0
MSdm1_102,MSdm1/Ro,0.1
MSdm1_103,MSdm1_101,0.1
MSdm1_103,MSdm1_102,0.15
MSdm1_103,MSdm1_103,1
MSdm1_103,MSdm1_104,0.1
MSdm1_103,MSdm1_110,0
MSdm1_103,MSdm1_111,0
MSdm1_103,MSdm1_112,0
MSdm1_103,MSdm1_113,0
MSdm1_103,MSdm1/Ro,0
MSdm1_104,MSdm1_101,0.1
MSdm1_104,MSdm1_102,0.05
MSdm1_104,MSdm1_103,0.1
MSdm1_104,MSdm1_104,1
MSdm1_104,MSdm1_110,0
MSdm1_104,MSdm1_111,0
MSdm1_104,MSdm1_112,0
MSdm1_104,MSdm1_113,0
MSdm1_104,MSdm1/Ro,0
MSdm1_110,MSdm1_101,0.05
MSdm1_110,MSdm1_102,0
MSdm1_110,MSdm1_103,0
MSdm1_110,MSdm1_104,0
MSdm1_110,MSdm1_110,1
MSdm1_110,MSdm1_111,0.05
MSdm1_110,MSdm1_112,0.1
MSdm1_110,MSdm1_113,0.05
MSdm1_110,MSdm1/Ro,0
MSdm1_111,MSdm1_101,0.05
MSdm1_111,MSdm1_102,0
MSdm1_111,MSdm1_103,0
MSdm1_111,MSdm1_104,0
MSdm1_111,MSdm1_110,0.05
MSdm1_111,MSdm1_111,1
MSdm1_111,MSdm1_112,0.03
MSdm1_111,MSdm1_113,0.1
MSdm1_111,MSdm1/Ro,0
MSdm1_112,MSdm1_101,0
MSdm1_112,MSdm1_102,0
MSdm1_112,MSdm1_103,0
MSdm1_112,MSdm1_104,0
MSdm1_112,MSdm1_110,0.1
MSdm1_112,MSdm1_111,0.03
MSdm1_112,MSdm1_112,1
MSdm1_112,MSdm1_113,0.25
MSdm1_112,MSdm1/Ro,0
MSdm1_113,MSdm1_101,0
MSdm1_113,MSdm1_102,0
MSdm1_113,MSdm1_103,0
MSdm1_113,MSdm1_104,0
MSdm1_113,MSdm1_110,0.05
MSdm1_113,MSdm1_111,0.1
MSdm1_113,MSdm1_112,0.25
MSdm1_113,MSdm1_113,1
MSdm1_113,MSdm1/Ro,0
Ro,ICHxw_101,0
Ro,ICHxw_102,0.1
Ro,ICHxw_103,0
Ro,ICHxw_104,0
Ro,ICHxw_110,0
Ro,ICHxw_111,0
Ro,ICHxw_112,0
Ro,ICHxw_113,0
Ro,Ro,1
Ro,ICHdw1_101,0
Ro,ICHdw1_102,0.1
Ro,ICHdw1_103,0
Ro,ICHdw1_104,0
Ro,ICHdw1_110,0
Ro,ICHdw1_111,0
Ro,ICHdw1_112,0
Ro,ICHdw1_113,0
Ro,Ro,1
Ro,ESSFdc1_101,1
Ro,ESSFdc1_102,0.1
Ro,ESSFdc1_103,0
Ro,ESSFdc1_104,0
Ro,ESSFdc1_110,0
Ro,ESSFdc1_111,0
Ro,ESSFdc1_112,0
Ro,Ro,1
Ro,ICHmk1_101,0
Ro,ICHmk1_102,0.1
Ro,ICHmk1_103,0
Ro,ICHmk1_104,0
Ro,ICHmk1_105,0
Ro,ICHmk1_110,0
Ro,ICHmk1_111,0
Ro,ICHmk1_112,0
Ro,Ro,1
Ro,ICHmw5_101,0
Ro,ICHmw5_102,0.1
Ro,ICHmw5_103,0
Ro,ICHmw5_104,0
Ro,ICHmw5_110,0
Ro,ICHmw5_111,0
Ro,ICHmw5_112,0
Ro,FM,0
Ro,Ro,1
Ro,ICHmw5_113,0
SBSmc2_01,SBSmc2_01,1
SBSmc2_01,SBSmc2_02,0.1
SBSmc2_01,SBSmc2_03,0.25
SBSmc2_01,SBSmc2_05,0.15
SBSmc2_01,SBSmc2_06,0.15
SBSmc2_01,SBSmc2_07,0
SBSmc2_01,SBSmc2_09,0
SBSmc2_01,SBSmc2_10,0
SBSmc2_02,SBSmc2_01,0.1
SBSmc2_02,SBSmc2_02,1
SBSmc2_02,SBSmc2_03,0.1
SBSmc2_02,SBSmc2_05,0
SBSmc2_02,SBSmc2_06,0
SBSmc2_02,SBSmc2_07,0
SBSmc2_02,SBSmc2_09,0
SBSmc2_02,SBSmc2_10,0
SBSmc2_03,SBSmc2_01,0.25
SBSmc2_03,SBSmc2_02,0.1
SBSmc2_03,SBSmc2_03,1
SBSmc2_03,SBSmc2_05,0.05
SBSmc2_03,SBSmc2_06,0.05
SBSmc2_03,SBSmc2_07,0.2
SBSmc2_03,SBSmc2_09,0.2
SBSmc2_03,SBSmc2_10,0
SBSmc2_05,SBSmc2_01,0.15
SBSmc2_05,SBSmc2_02,0
SBSmc2_05,SBSmc2_03,0.05
SBSmc2_05,SBSmc2_05,1
SBSmc2_05,SBSmc2_06,1
SBSmc2_05,SBSmc2_07,0.05
SBSmc2_05,SBSmc2_09,0.2
SBSmc2_05,SBSmc2_10,0.25
SBSmc2_06,SBSmc2_01,0.15
SBSmc2_06,SBSmc2_02,0
SBSmc2_06,SBSmc2_03,0.05
SBSmc2_06,SBSmc2_05,1
SBSmc2_06,SBSmc2_06,1
SBSmc2_06,SBSmc2_07,0.05
SBSmc2_06,SBSmc2_09,0.2
SBSmc2_06,SBSmc2_10,0.25
SBSmc2_07,SBSmc2_01,0
SBSmc2_07,SBSmc2_02,0
SBSmc2_07,SBSmc2_03,0.2
SBSmc2_07,SBSmc2_05,0.05
SBSmc2_07,SBSmc2_06,0.05
SBSmc2_07,SBSmc2_07,1
SBSmc2_07,SBSmc2_09,0
SBSmc2_07,SBSmc2_10,0.2
SBSmc2_09,SBSmc2_01,0
SBSmc2_09,SBSmc2_02,0
SBSmc2_09,SBSmc2_03,0
SBSmc2_09,SBSmc2_05,0.2
SBSmc2_09,SBSmc2_06,0.2
SBSmc2_09,SBSmc2_07,0
SBSmc2_09,SBSmc2_09,1
SBSmc2_09,SBSmc2_10,0.25
SBSmc2_10,SBSmc2_01,0
SBSmc2_10,SBSmc2_02,0
SBSmc2_10,SBSmc2_03,0
SBSmc2_10,SBSmc2_05,0.05
SBSmc2_10,SBSmc2_06,0.05
SBSmc2_10,SBSmc2_07,0.2
SBSmc2_10,SBSmc2_09,0.25
SBSmc2_10,SBSmc2_10,1
W,W,1
X,X,1
W_t,W_t,1
A,A,1
Fm,Fm,1
G,G,1
R,R,1
Sc,Sc,1
W_t,SBSmc2_10,0.3
SBSmc2_10,W_t,0.3
W,W_t,1
W,Sc,1
W,X,1
W,A,1
W,G,1
W,R,1
W_t,W,1
Sc,W,1
X,W,1
A,W,1
G,W,1
R,W,1
W_t,SBSmc2_10,0.3
SBSmc2_10,W_t,0.3
W_t,ESSFmc_09,1
W_t,ESSFmc_10,0.3
ESSFmc_09,W_t,1
ESSFmc_10,W_t,0.3
ESSFmc_02,R,0.3
R,ESSFmc_02,0.3
ESSFmc_02,G,0.3
G,ESSFmc_02,0.3
R,ESSFmcw_102,0.3
W_t,ESSFmcw_111,1
W,ESSFmcw_111,0.3
ESSFmcw_111,W_t,1
ESSFmcw_111,W,0.3
nonfor,nonfor,1
